Request URL,url
http://www.rookiestew.com/,http://www.rookiestew.com/page/1/
http://www.rookiestew.com/,http://www.rookiestew.com/page/2/
http://www.rookiestew.com/,http://www.rookiestew.com/page/3/
http://www.rookiestew.com/,http://www.rookiestew.com/page/4/
http://www.rookiestew.com/,http://www.rookiestew.com/page/5/
http://www.rookiestew.com/,http://www.rookiestew.com/page/6/
http://www.rookiestew.com/,http://www.rookiestew.com/page/7/
http://www.rookiestew.com/,http://www.rookiestew.com/page/8/
http://www.rookiestew.com/,http://www.rookiestew.com/page/9/
http://www.rookiestew.com/,http://www.rookiestew.com/page/10/
http://www.rookiestew.com/,http://www.rookiestew.com/page/11/
http://www.rookiestew.com/,http://www.rookiestew.com/page/12/
http://www.rookiestew.com/,http://www.rookiestew.com/page/13/
http://www.rookiestew.com/,http://www.rookiestew.com/page/14/
http://www.rookiestew.com/,http://www.rookiestew.com/page/15/
http://www.rookiestew.com/,http://www.rookiestew.com/page/16/
http://www.rookiestew.com/,http://www.rookiestew.com/page/17/
http://www.rookiestew.com/,http://www.rookiestew.com/page/18/
http://www.rookiestew.com/,http://www.rookiestew.com/page/19/
http://www.rookiestew.com/,http://www.rookiestew.com/page/20/
http://www.rookiestew.com/,http://www.rookiestew.com/page/21/
http://www.rookiestew.com/,http://www.rookiestew.com/page/22/
http://www.rookiestew.com/,http://www.rookiestew.com/page/23/
http://www.rookiestew.com/,http://www.rookiestew.com/page/24/
http://www.rookiestew.com/,http://www.rookiestew.com/page/25/
http://www.rookiestew.com/,http://www.rookiestew.com/page/26/
http://www.rookiestew.com/,http://www.rookiestew.com/page/27/
http://www.rookiestew.com/,http://www.rookiestew.com/page/28/
http://www.rookiestew.com/,http://www.rookiestew.com/page/29/
http://www.rookiestew.com/,http://www.rookiestew.com/page/30/
http://www.rookiestew.com/,http://www.rookiestew.com/page/31/
http://www.rookiestew.com/,http://www.rookiestew.com/page/32/
http://www.rookiestew.com/,http://www.rookiestew.com/page/33/
http://www.rookiestew.com/,http://www.rookiestew.com/page/34/
http://www.rookiestew.com/,http://www.rookiestew.com/page/35/
http://www.rookiestew.com/,http://www.rookiestew.com/page/36/
http://www.rookiestew.com/,http://www.rookiestew.com/page/37/
http://www.rookiestew.com/,http://www.rookiestew.com/page/38/
http://www.rookiestew.com/,http://www.rookiestew.com/page/39/
http://www.rookiestew.com/,http://www.rookiestew.com/page/40/
http://www.rookiestew.com/,http://www.rookiestew.com/page/41/
http://www.rookiestew.com/,http://www.rookiestew.com/page/42/
http://www.rookiestew.com/,http://www.rookiestew.com/page/43/
http://www.rookiestew.com/,http://www.rookiestew.com/page/44/
http://www.rookiestew.com/,http://www.rookiestew.com/page/45/
http://www.rookiestew.com/,http://www.rookiestew.com/page/46/
http://www.rookiestew.com/,http://www.rookiestew.com/page/47/
http://www.rookiestew.com/,http://www.rookiestew.com/page/48/
http://www.rookiestew.com/,http://www.rookiestew.com/page/49/
http://www.rookiestew.com/,http://www.rookiestew.com/page/50/
http://www.rookiestew.com/,http://www.rookiestew.com/page/51/
http://www.rookiestew.com/,http://www.rookiestew.com/page/52/
http://www.rookiestew.com/,http://www.rookiestew.com/page/53/
http://www.rookiestew.com/,http://www.rookiestew.com/page/54/
http://www.rookiestew.com/,http://www.rookiestew.com/page/55/
http://www.rookiestew.com/,http://www.rookiestew.com/page/56/
http://www.rookiestew.com/,http://www.rookiestew.com/page/57/
http://www.rookiestew.com/,http://www.rookiestew.com/page/58/
http://www.rookiestew.com/,http://www.rookiestew.com/page/59/
http://www.rookiestew.com/,http://www.rookiestew.com/page/60/
http://www.rookiestew.com/,http://www.rookiestew.com/page/61/
http://www.rookiestew.com/,http://www.rookiestew.com/page/62/
http://www.rookiestew.com/,http://www.rookiestew.com/page/63/
http://www.rookiestew.com/,http://www.rookiestew.com/page/64/
http://www.rookiestew.com/,http://www.rookiestew.com/page/65/
http://www.rookiestew.com/,http://www.rookiestew.com/page/66/
http://www.rookiestew.com/,http://www.rookiestew.com/page/67/
http://www.rookiestew.com/,http://www.rookiestew.com/page/68/
http://www.rookiestew.com/,http://www.rookiestew.com/page/69/
http://www.rookiestew.com/,http://www.rookiestew.com/page/70/
http://www.rookiestew.com/,http://www.rookiestew.com/page/71/
http://www.rookiestew.com/,http://www.rookiestew.com/page/72/
http://www.rookiestew.com/,http://www.rookiestew.com/page/73/
http://www.rookiestew.com/,http://www.rookiestew.com/page/74/
http://www.rookiestew.com/,http://www.rookiestew.com/page/75/
http://www.rookiestew.com/,http://www.rookiestew.com/page/76/
http://www.rookiestew.com/,http://www.rookiestew.com/page/77/
http://www.rookiestew.com/,http://www.rookiestew.com/page/78/
http://www.rookiestew.com/,http://www.rookiestew.com/page/79/
http://www.rookiestew.com/,http://www.rookiestew.com/page/80/
http://www.rookiestew.com/,http://www.rookiestew.com/page/81/
http://www.rookiestew.com/,http://www.rookiestew.com/page/82/
http://www.rookiestew.com/,http://www.rookiestew.com/page/83/
http://www.rookiestew.com/,http://www.rookiestew.com/page/84/
http://www.rookiestew.com/,http://www.rookiestew.com/page/85/
http://www.rookiestew.com/,http://www.rookiestew.com/page/86/
http://www.rookiestew.com/,http://www.rookiestew.com/page/87/
http://www.rookiestew.com/,http://www.rookiestew.com/page/88/
http://www.rookiestew.com/,http://www.rookiestew.com/page/89/
http://www.rookiestew.com/,http://www.rookiestew.com/page/90/
http://www.rookiestew.com/,http://www.rookiestew.com/page/91/
http://www.rookiestew.com/,http://www.rookiestew.com/page/92/
http://www.rookiestew.com/,http://www.rookiestew.com/page/93/
http://www.rookiestew.com/,http://www.rookiestew.com/page/94/
http://www.rookiestew.com/,http://www.rookiestew.com/page/95/
http://www.rookiestew.com/,http://www.rookiestew.com/page/96/
